tract_id,STATEFP,COUNTYFP,TRACTCE,POPULATION,latitude,longitude
36061000201,36,061,000201,2012,40.712984,-73.986012
36061000202,36,061,000202,7266,40.712518,-73.981759
36061000500,36,061,000500,5,40.689897,-74.018945
36061000600,36,061,000600,11616,40.712049,-73.989834
36061000700,36,061,000700,10542,40.706018,-74.008947
36061000800,36,061,000800,10871,40.711851,-73.995177
36061000900,36,061,000900,2016,40.704757,-74.011187
36061001001,36,061,001001,1767,40.714318,-73.978418
36061001002,36,061,001002,6300,40.717521,-73.977734
36061001200,36,061,001200,3776,40.715636,-73.982522
36061001300,36,061,001300,5402,40.707611,-74.014617
36061001401,36,061,001401,3543,40.715158,-73.987277
36061001402,36,061,001402,3418,40.717592,-73.985925
36061001501,36,061,001501,8385,40.710004,-74.004793
36061001502,36,061,001502,10378,40.708302,-74.006748
36061001600,36,061,001600,7698,40.715831,-73.99301
36061001800,36,061,001800,7934,40.71891,-73.990616
36061002000,36,061,002000,4648,40.720732,-73.976332
36061002100,36,061,002100,7811,40.714548,-74.009867
36061002201,36,061,002201,6969,40.718886,-73.98207
36061002202,36,061,002202,2488,40.721285,-73.980929
36061002400,36,061,002400,4518,40.724258,-73.974454
36061002500,36,061,002500,4630,40.710504,-73.998707
36061002601,36,061,002601,3609,40.722434,-73.980014
36061002602,36,061,002602,4816,40.724348,-73.978802
36061002700,36,061,002700,1370,40.71255,-73.999279
36061002800,36,061,002800,6819,40.726864,-73.97737
36061002901,36,061,002901,1096,40.713978,-74.001516
36061002902,36,061,002902,4359,40.715336,-73.998582
36061003001,36,061,003001,4663,40.720986,-73.986829
36061003002,36,061,003002,3035,40.722858,-73.985452
36061003100,36,061,003100,2989,40.716968,-74.002743
36061003200,36,061,003200,8372,40.72534,-73.984284
36061003300,36,061,003300,6458,40.718156,-74.005962
36061003400,36,061,003400,7012,40.728966,-73.981382
36061003601,36,061,003601,3513,40.722241,-73.991186
36061003602,36,061,003602,3000,40.724543,-73.990303
36061003700,36,061,003700,3092,40.72609,-74.006247
36061003800,36,061,003800,9070,40.727196,-73.988377
36061003900,36,061,003900,7036,40.720627,-74.01036
36061004001,36,061,004001,3743,40.729974,-73.985123
36061004002,36,061,004002,5090,40.731388,-73.987297
36061004100,36,061,004100,7523,40.719286,-73.996577
36061004200,36,061,004200,5216,40.732617,-73.989071
36061004300,36,061,004300,4158,40.723037,-73.995012
36061004400,36,061,004400,17222,40.731778,-73.977905
36061004500,36,061,004500,1093,40.720964,-73.999059
36061004700,36,061,004700,2644,40.722788,-74.002991
36061004800,36,061,004800,6955,40.734046,-73.984172
36061004900,36,061,004900,4777,40.725548,-74.001118
36061005000,36,061,005000,5223,40.735954,-73.987125
36061005200,36,061,005200,3808,40.737246,-73.991066
36061005400,36,061,005400,4909,40.738073,-73.994215
36061005501,36,061,005501,4564,40.727586,-73.996795
36061005502,36,061,005502,1956,40.725999,-73.993695
36061005600,36,061,005600,4281,40.74188,-73.987294
36061005700,36,061,005700,2998,40.73006,-73.992485
36061005800,36,061,005800,5109,40.743355,-73.990656
36061005900,36,061,005900,5707,40.731414,-73.994398
36061006000,36,061,006000,5290,40.734821,-73.976993
36061006100,36,061,006100,5494,40.73348,-73.992781
36061006200,36,061,006200,3686,40.73866,-73.973478
36061006300,36,061,006300,6707,40.734443,-73.996772
36061006400,36,061,006400,8744,40.737247,-73.981442
36061006500,36,061,006500,6721,40.729727,-74.000187
36061006600,36,061,006600,12341,40.740119,-73.979374
36061006700,36,061,006700,5547,40.730645,-74.003751
36061006800,36,061,006800,7706,40.740102,-73.983906
36061006900,36,061,006900,2799,40.731488,-74.008652
36061007001,36,061,007001,4550,40.742937,-73.975663
36061007002,36,061,007002,4865,40.743801,-73.978037
36061007100,36,061,007100,5851,40.735574,-73.999898
36061007200,36,061,007200,9358,40.744975,-73.980551
36061007300,36,061,007300,6180,40.734032,-74.004228
36061007400,36,061,007400,5698,40.746318,-73.983967
36061007500,36,061,007500,4000,40.734611,-74.008174
36061007600,36,061,007600,2921,40.747781,-73.986931
36061007700,36,061,007700,6192,40.738054,-74.003224
36061007800,36,061,007800,9109,40.74662,-73.974479
36061007900,36,061,007900,4442,40.737894,-74.007888
36061008000,36,061,008000,5906,40.748391,-73.978101
36061008100,36,061,008100,7853,40.739756,-73.998869
36061008200,36,061,008200,3414,40.749606,-73.981384
36061008300,36,061,008300,3853,40.742489,-74.00441
36061008400,36,061,008400,1985,40.751096,-73.984729
36061008601,36,061,008601,4853,40.744666,-73.971991
36061008603,36,061,008603,5347,40.75462,-73.96422
36061008700,36,061,008700,6510,40.742421,-73.99718
36061008800,36,061,008800,8852,40.74903,-73.972099
36061008900,36,061,008900,5957,40.744566,-74.00263
36061009000,36,061,009000,8830,40.75263,-73.969872
36061009100,36,061,009100,7362,40.744868,-73.995419
36061009200,36,061,009200,1866,40.753668,-73.973493
36061009300,36,061,009300,9325,40.747313,-74.001137
36061009400,36,061,009400,109,40.755573,-73.978003
36061009500,36,061,009500,3892,40.746944,-73.993465
36061009600,36,061,009600,608,40.756618,-73.980708
36061009700,36,061,009700,5071,40.749202,-73.998361
36061009800,36,061,009800,8078,40.75572,-73.967447
36061009901,36,061,009901,2093,40.74805,-74.005828
36061009902,36,061,009902,3848,40.751903,-74.002988
36061009903,36,061,009903,2380,40.756254,-73.999142
36061010000,36,061,010000,2170,40.758753,-73.970446
36061010100,36,061,010100,2596,40.748821,-73.99075
36061010200,36,061,010200,283,40.75944,-73.975222
36061010300,36,061,010300,4095,40.752159,-73.997353
36061010400,36,061,010400,983,40.762223,-73.976615
36061010601,36,061,010601,8256,40.757395,-73.961836
36061010602,36,061,010602,5489,40.761045,-73.959076
36061010801,36,061,010801,3297,40.757722,-73.965848
36061010802,36,061,010802,3805,40.759058,-73.963981
36061010803,36,061,010803,2696,40.759963,-73.966276
36061010900,36,061,010900,407,40.752427,-73.990418
36061011000,36,061,011000,7671,40.7626,-73.962925
36061011100,36,061,011100,6138,40.754892,-73.995286
36061011201,36,061,011201,1233,40.764228,-73.975374
36061011202,36,061,011202,500,40.762464,-73.971751
36061011203,36,061,011203,1420,40.761034,-73.968809
36061011300,36,061,011300,216,40.754104,-73.987797
36061011401,36,061,011401,1361,40.764885,-73.970316
36061011402,36,061,011402,2620,40.76362,-73.967064
36061011500,36,061,011500,3863,40.757608,-73.993352
36061011600,36,061,011600,3263,40.763324,-73.957811
36061011700,36,061,011700,5256,40.760394,-73.998833
36061011800,36,061,011800,9688,40.765281,-73.961044
36061011900,36,061,011900,1666,40.757378,-73.986389
36061012000,36,061,012000,3905,40.766803,-73.964473
36061012101,36,061,012101,3408,40.759153,-73.990249
36061012102,36,061,012102,5236,40.760101,-73.993494
36061012200,36,061,012200,3425,40.768491,-73.967814
36061012400,36,061,012400,10845,40.766873,-73.954262
36061012500,36,061,012500,2901,40.760475,-73.985255
36061012601,36,061,012601,7437,40.767962,-73.957429
36061012602,36,061,012602,6400,40.768877,-73.959773
36061012700,36,061,012700,7282,40.762182,-73.989813
36061012800,36,061,012800,6545,40.7714,-73.961202
36061012901,36,061,012901,7959,40.7614,-73.99708
36061012902,36,061,012902,3144,40.764098,-73.994092
36061013000,36,061,013000,3911,40.77278,-73.964583
36061013100,36,061,013100,3962,40.762857,-73.983115
36061013201,36,061,013201,3146,40.76899,-73.952648
36061013202,36,061,013202,4237,40.769948,-73.949795
36061013203,36,061,013203,3747,40.770987,-73.952205
36061013300,36,061,013300,6782,40.76454,-73.98807
36061013400,36,061,013400,11882,40.77158,-73.9559
36061013501,36,061,013501,5504,40.766691,-73.992192
36061013502,36,061,013502,6358,40.769796,-73.991774
36061013601,36,061,013601,1962,40.772308,-73.946073
36061013602,36,061,013602,5070,40.771902,-73.94865
36061013603,36,061,013603,4387,40.772921,-73.950829
36061013604,36,061,013604,5057,40.773939,-73.94846
36061013700,36,061,013700,7308,40.76525,-73.979873
36061013800,36,061,013800,13109,40.77476,-73.9539
36061013900,36,061,013900,9988,40.76728,-73.985931
36061014000,36,061,014000,8050,40.776133,-73.957871
36061014200,36,061,014200,4463,40.777324,-73.961303
36061014300,36,061,014300,129,40.786252,-73.963244
36061014401,36,061,014401,5040,40.775322,-73.947692
36061014402,36,061,014402,7151,40.77696,-73.94643
36061014500,36,061,014500,7532,40.770222,-73.984811
36061014601,36,061,014601,4481,40.777138,-73.952153
36061014602,36,061,014602,9061,40.778821,-73.951158
36061014700,36,061,014700,2987,40.771564,-73.988629
36061014801,36,061,014801,3221,40.778725,-73.955795
36061014802,36,061,014802,7494,40.78114,-73.954436
36061014900,36,061,014900,6351,40.77193,-73.981457
36061015001,36,061,015001,2321,40.780311,-73.959238
36061015002,36,061,015002,5642,40.782198,-73.957596
36061015101,36,061,015101,3756,40.773501,-73.987217
36061015102,36,061,015102,8254,40.774176,-73.990401
36061015200,36,061,015200,7730,40.77975,-73.945527
36061015301,36,061,015301,3684,40.774408,-73.979131
36061015302,36,061,015302,6032,40.775513,-73.982279
36061015401,36,061,015401,5189,40.780375,-73.949764
36061015402,36,061,015402,4503,40.781452,-73.947583
36061015403,36,061,015403,5738,40.78237,-73.949905
36061015501,36,061,015501,5091,40.776651,-73.984919
36061015502,36,061,015502,5759,40.777904,-73.98766
36061015601,36,061,015601,5568,40.783803,-73.947691
36061015602,36,061,015602,2154,40.785485,-73.947628
36061015700,36,061,015700,11197,40.777394,-73.978844
36061015801,36,061,015801,5600,40.784206,-73.952114
36061015802,36,061,015802,4516,40.786374,-73.950118
36061015900,36,061,015900,10054,40.779617,-73.984436
36061016001,36,061,016001,3852,40.785898,-73.955038
36061016002,36,061,016002,3607,40.787852,-73.95344
36061016100,36,061,016100,6617,40.779785,-73.977213
36061016200,36,061,016200,9033,40.788692,-73.939243
36061016300,36,061,016300,7292,40.782261,-73.982077
36061016400,36,061,016400,7371,40.787655,-73.944345
36061016500,36,061,016500,6659,40.783034,-73.975805
36061016600,36,061,016600,7012,40.78933,-73.948313
36061016700,36,061,016700,7210,40.784725,-73.979952
36061016800,36,061,016800,4964,40.791386,-73.95094
36061016900,36,061,016900,8526,40.78512,-73.972833
36061017000,36,061,017000,7991,40.790779,-73.94184
36061017100,36,061,017100,9694,40.787573,-73.978355
36061017200,36,061,017200,5441,40.793962,-73.945024
36061017300,36,061,017300,8699,40.787675,-73.971275
36061017401,36,061,017401,5449,40.794962,-73.948906
36061017402,36,061,017402,2276,40.796793,-73.94773
36061017500,36,061,017500,11110,40.790058,-73.976901
36061017700,36,061,017700,9382,40.790263,-73.969403
36061017800,36,061,017800,3860,40.79573,-73.933748
36061017900,36,061,017900,9103,40.792656,-73.974438
36061018000,36,061,018000,7429,40.79459,-73.939435
36061018100,36,061,018100,8941,40.792616,-73.96773
36061018200,36,061,018200,7675,40.798372,-73.941988
36061018300,36,061,018300,8534,40.79508,-73.972811
36061018400,36,061,018400,7820,40.799614,-73.945103
36061018500,36,061,018500,5243,40.794353,-73.966268
36061018600,36,061,018600,5127,40.799294,-73.949888
36061018700,36,061,018700,9383,40.797545,-73.970821
36061018800,36,061,018800,5697,40.797685,-73.937427
36061018900,36,061,018900,11556,40.797231,-73.963914
36061019000,36,061,019000,3679,40.801875,-73.947715
36061019100,36,061,019100,9005,40.800065,-73.969088
36061019200,36,061,019200,3971,40.798664,-73.931356
36061019300,36,061,019300,8736,40.800364,-73.961603
36061019400,36,061,019400,6978,40.800664,-73.93516
36061019500,36,061,019500,7828,40.80261,-73.9669
36061019600,36,061,019600,4031,40.802617,-73.939172
36061019701,36,061,019701,1278,40.80339,-73.961922
36061019702,36,061,019702,2601,40.802043,-73.958055
36061019800,36,061,019800,2370,40.804296,-73.941673
36061019900,36,061,019900,9598,40.805144,-73.964926
36061020000,36,061,020000,2855,40.805452,-73.945536
36061020101,36,061,020101,1863,40.80662,-73.960006
36061020102,36,061,020102,4077,40.805002,-73.95665
36061020300,36,061,020300,3874,40.808705,-73.961448
36061020500,36,061,020500,5023,40.808788,-73.964744
36061020600,36,061,020600,3628,40.808449,-73.938723
36061020701,36,061,020701,3035,40.808955,-73.95853
36061020800,36,061,020800,5255,40.809665,-73.942026
36061020901,36,061,020901,3665,40.811527,-73.955198
36061021000,36,061,021000,6748,40.812536,-73.936171
36061021100,36,061,021100,10529,40.813769,-73.959427
36061021200,36,061,021200,4899,40.813855,-73.93893
36061021303,36,061,021303,5583,40.81407,-73.952781
36061021400,36,061,021400,3075,40.816927,-73.936764
36061021500,36,061,021500,3856,40.813848,-73.949223
36061021600,36,061,021600,8567,40.800729,-73.954418
36061021703,36,061,021703,545,40.816378,-73.951168
36061021800,36,061,021800,6530,40.80331,-73.952652
36061021900,36,061,021900,5696,40.817049,-73.955436
36061022000,36,061,022000,6114,40.805899,-73.951014
36061022102,36,061,022102,2382,40.818869,-73.946239
36061022200,36,061,022200,3293,40.807821,-73.94943
36061022301,36,061,022301,7258,40.820553,-73.954623
36061022302,36,061,022302,3101,40.820021,-73.956923
36061022400,36,061,022400,7346,40.811212,-73.946934
36061022500,36,061,022500,9895,40.823075,-73.952558
36061022600,36,061,022600,4890,40.813483,-73.944671
36061022700,36,061,022700,5387,40.82279,-73.946252
36061022800,36,061,022800,5961,40.815911,-73.942844
36061022900,36,061,022900,7975,40.825378,-73.950377
36061023000,36,061,023000,9111,40.818641,-73.941172
36061023100,36,061,023100,6273,40.825965,-73.944419
36061023200,36,061,023200,8061,40.820977,-73.939747
36061023300,36,061,023300,6368,40.828157,-73.948297
36061023400,36,061,023400,5112,40.824076,-73.93904
36061023501,36,061,023501,6720,40.829228,-73.941999
36061023502,36,061,023502,2206,40.827659,-73.939079
36061023600,36,061,023600,9907,40.824091,-73.936433
36061023700,36,061,023700,6792,40.830402,-73.947148
36061023802,36,061,023802,4791,40.767233,-73.945428
36061023803,36,061,023803,3625,40.762033,-73.949651
36061023804,36,061,023804,3306,40.758429,-73.953245
36061023900,36,061,023900,2675,40.832563,-73.940899
36061024000,36,061,024000,1302,40.786479,-73.929116
36061024100,36,061,024100,7612,40.833889,-73.94523
36061024200,36,061,024200,4448,40.806179,-73.935809
36061024301,36,061,024301,3993,40.836004,-73.938803
36061024302,36,061,024302,7237,40.831779,-73.937356
36061024500,36,061,024500,13385,40.836616,-73.942094
36061024700,36,061,024700,6521,40.837264,-73.945623
36061024900,36,061,024900,1084,40.838737,-73.936903
36061025100,36,061,025100,2287,40.839975,-73.93842
36061025300,36,061,025300,10081,40.842918,-73.938115
36061025500,36,061,025500,5697,40.844902,-73.942114
36061025700,36,061,025700,4270,40.807858,-73.954483
36061025900,36,061,025900,4029,40.823342,-73.94226
36061026100,36,061,026100,10733,40.845823,-73.934543
36061026300,36,061,026300,7969,40.846957,-73.937175
36061026500,36,061,026500,6850,40.849741,-73.939232
36061026700,36,061,026700,2083,40.850686,-73.928362
36061026900,36,061,026900,7848,40.850972,-73.930794
36061027100,36,061,027100,7623,40.851986,-73.934223
36061027300,36,061,027300,6519,40.853271,-73.937673
36061027500,36,061,027500,3063,40.854379,-73.939329
36061027700,36,061,027700,6423,40.855118,-73.928156
36061027900,36,061,027900,10019,40.855981,-73.931196
36061028100,36,061,028100,3108,40.856952,-73.934669
36061028300,36,061,028300,7740,40.858694,-73.92944
36061028500,36,061,028500,6794,40.861646,-73.92784
36061028700,36,061,028700,3772,40.864318,-73.928492
36061029100,36,061,029100,10509,40.864073,-73.923646
36061029300,36,061,029300,8035,40.865904,-73.920069
36061029500,36,061,029500,7039,40.867613,-73.924893
36061029700,36,061,029700,16,40.87201,-73.922996
36061029900,36,061,029900,3598,40.861506,-73.921634
36061030300,36,061,030300,3691,40.869297,-73.918412
36061030700,36,061,030700,3427,40.871465,-73.917059
36061030900,36,061,030900,8594,40.875708,-73.910087
36061031100,36,061,031100,12,40.84494,-73.931389
36061031703,36,061,031703,5847,40.716813,-74.015225
36061031704,36,061,031704,10422,40.709061,-74.017046
36061031900,36,061,031900,3,40.702814,-74.014758
